{"accuracy": [0.40416666865348816, 0.612500011920929, 0.7833333611488342, 0.887499988079071, 0.875, 0.9541666507720947, 0.9541666507720947, 0.9708333611488342, 0.9791666865348816, 0.9958333373069763], "loss": [1.382871389389038, 0.9275205135345459, 0.5658595561981201, 0.3664277493953705, 0.29609811305999756, 0.16902926564216614, 0.15342853963375092, 0.10258688032627106, 0.06774266809225082, 0.03576700761914253], "val_accuracy": [0.4000000059604645, 0.8333333134651184, 0.8999999761581421, 0.8999999761581421, 0.8999999761581421, 0.9666666388511658, 0.9666666388511658, 0.9333333373069763, 0.9666666388511658, 1.0], "val_loss": [0.9941864609718323, 0.7078273892402649, 0.49051982164382935, 0.2590338885784149, 0.2202281355857849, 0.3220767676830292, 0.14019393920898438, 0.11665020138025284, 0.07552848756313324, 0.024110261350870132]}